raw,normalized_raw,occurrences,identificacao,acao,tabela,canonical,tipo,pais,parent,confianca,observacao,cadastrar
Sustainable AgriFoodtech Innovat & Res SAFIR,sustainable agrifoodtech innovat res safir,14,Provável nome truncado de centro/organização: “Sustainable AgriFoodtech Innovation and Research (SAFIR)”. Não encontrei fonte pública confiável para validar o nome completo.,REVISAR_MANUALMENTE_ANTES_DE_CADASTRAR,organizacoes ou instituicao_unidades,Sustainable AgriFoodtech Innovation and Research (SAFIR),Centro/organização de pesquisa,Indefinido,Indefinido,baixa,"Como tem 14 ocorrências, é prioritário validar no documento original ou afiliação completa. Se for apenas centro independente, usar organizacoes. Se for centro interno de universidade, usar instituicao_unidades com parent_institution_id.",Não cadastrar como universidade sem validação.
Ctr Energy & Environm Sustainabil,ctr energy environm sustainabil,3,"Provável abreviação de “International Centre for Energy and Environmental Sustainability Research (ICEESR)”, centro ligado à University of Uyo.",CADASTRAR_UNIDADE,instituicao_unidades,International Centre for Energy and Environmental Sustainability Research (ICEESR),Centro de pesquisa,Nigéria,University of Uyo,média,Criar/validar antes a instituição-pai University of Uyo. Cadastrar o raw como original_variation_name.,"Como unidade, não como universidade independente."
Inst Nacl Invest Agr INIA,inst nacl invest agr inia,1,"Abreviação genérica para INIA. Pode significar institutos diferentes dependendo do país: Uruguay, Spain/CSIC, Peru, Chile, Venezuela, Equador etc.",REVISAR_PAIS_DO_DOCUMENTO,instituicoes_ensino + instituicao_variacoes_nome,"Depende do país: ex. Instituto Nacional de Investigación Agropecuaria (INIA, Uruguay) ou Instituto Nacional de Investigación y Tecnología Agraria y Alimentaria (INIA-CSIC, Spain)",Instituto nacional de pesquisa agrícola,Depende do documento,Governo/CSIC conforme país,baixa sem país,"Não cadastrar uma variação global “Inst Nacl Invest Agr INIA” sem checar o país, porque INIA é sigla compartilhada por vários países.",Cadastrar somente após olhar o país associado ao artigo.
Interact Technol Inst ITI LARSyS & ARDITI,interact technol inst iti larsys arditi,1,"String composta. Principal entidade acadêmica: Interactive Technologies Institute (ITI/LARSyS), instituto de pesquisa ligado ao Instituto Superior Técnico. ARDITI é outra organização/regional agency mencionada junto.",CADASTRAR_UNIDADE_E_ORG_SEPARADA,instituicao_unidades + organizacoes,Interactive Technologies Institute (ITI/LARSyS),Instituto/centro de pesquisa,Portugal,Instituto Superior Técnico / Universidade de Lisboa,alta para ITI/LARSyS; média para a string composta,"Para resolver o raw atual, cadastre exatamente esta string como original_variation_name da unidade ITI/LARSyS. Opcionalmente cadastre ARDITI como organizacao separada.",Como unidade acadêmica; não como universidade nova.
Power Nutr,power nutr,1,"Provável empresa/organização privada abreviada como “Power Nutrition”, mas sem validação pública suficiente pelo termo truncado.",REVISAR_MANUALMENTE_ANTES_DE_CADASTRAR,organizacoes,Power Nutrition,Empresa/organização privada,Indefinido,N/A,baixa,"Validar afiliação completa no CSV original antes de cadastrar. Se for marca/empresa, usar organizacoes.",Não cadastrar em instituicoes_ensino.
30 Xueyuan Rd,30 xueyuan rd,1,"Endereço, não instituição.",NAO_CADASTRAR_BLACKLIST,nenhuma,N/A,Endereço/ruído,China provável,N/A,alta,Remover do JSON bruto document.institutions ou criar filtro/blacklist no importador.,Não cadastrar.
12127 Old Oaks Dr,12127 old oaks dr,1,"Endereço, não instituição.",NAO_CADASTRAR_BLACKLIST,nenhuma,N/A,Endereço/ruído,Provável EUA,N/A,alta,Remover do JSON bruto document.institutions ou criar filtro/blacklist no importador.,Não cadastrar.
1180 Ctr Dr,1180 ctr dr,1,"Endereço abreviado: “Center Dr/Drive”, não instituição.",NAO_CADASTRAR_BLACKLIST,nenhuma,N/A,Endereço/ruído,Provável EUA,N/A,alta,Remover do JSON bruto document.institutions ou criar filtro/blacklist no importador.,Não cadastrar.
Retina Care Int,retina care int,1,"Provável organização/clínica “Retina Care International”, mas não validada com segurança a partir do termo truncado.",REVISAR_MANUALMENTE_ANTES_DE_CADASTRAR,organizacoes,Retina Care International,Clínica/organização médica,Indefinido,N/A,baixa,"Se confirmado no artigo, cadastrar em organizacoes como clínica/organização médica. Não é universidade.",Não cadastrar em instituicoes_ensino.
Rooney Heart Inst,rooney heart inst,1,"Provável “Rooney Heart Institute”, unidade/organização médica. O termo está truncado e precisa ser confirmado na afiliação completa.",REVISAR_MANUALMENTE_ANTES_DE_CADASTRAR,organizacoes ou instituicao_unidades,Rooney Heart Institute,Instituto/centro médico,Indefinido,Hospital/sistema de saúde a identificar,baixa,"Se for unidade de hospital, cadastrar como instituicao_unidades somente se houver instituição-pai cadastrada; caso contrário, organizacoes.",Não cadastrar como universidade.
Natl Sch Elect & Telecommun Sfax,natl sch elect telecommun sfax,1,"École nationale d'électronique et des télécommunications de Sfax (ENET’Com), escola pública de ensino superior em Sfax, afiliada à Université de Sfax.",CADASTRAR_UNIDADE,instituicao_unidades ou instituicoes_ensino,École nationale d'électronique et des télécommunications de Sfax (ENET’Com),Escola de ensino superior,Tunísia,Université de Sfax,alta,"Preferível como unidade da Université de Sfax. Se o sistema não tiver a universidade-pai, criar primeiro Université de Sfax.","Como unidade/escola, com parent_institution_id."
Inst Tecnol Quim & Biol ITQB NOVA,inst tecnol quim biol itqb nova,1,"Instituto de Tecnologia Química e Biológica António Xavier (ITQB NOVA), instituto de investigação e educação avançada da Universidade NOVA de Lisboa, em Oeiras.",CADASTRAR_UNIDADE,instituicao_unidades,Instituto de Tecnologia Química e Biológica António Xavier (ITQB NOVA),Instituto de pesquisa e educação avançada,Portugal,Universidade NOVA de Lisboa,alta,Criar/validar Universidade NOVA de Lisboa e cadastrar o raw como original_variation_name do ITQB NOVA.,Como unidade da Universidade NOVA de Lisboa.
Anant Bajaj Retina Inst,anant bajaj retina inst,1,"Provável instituto/clínica de retina “Anant Bajaj Retina Institute”, mas não foi possível validar com segurança por fonte pública a partir do termo truncado.",REVISAR_MANUALMENTE_ANTES_DE_CADASTRAR,organizacoes,Anant Bajaj Retina Institute,Instituto/clínica oftalmológica,Provável Índia,Hospital/sistema de saúde a identificar,baixa,Não cadastrar até confirmar o nome completo na afiliação original.,Não cadastrar em instituicoes_ensino.
Agr Informat Inst Chinese Acad Agr Sci,agr informat inst chinese acad agr sci,1,"Agricultural Information Institute, Chinese Academy of Agricultural Sciences (CAAS).",CADASTRAR_UNIDADE,instituicao_unidades,"Agricultural Information Institute, Chinese Academy of Agricultural Sciences",Instituto de pesquisa,China,Chinese Academy of Agricultural Sciences,alta,Criar/validar primeiro Chinese Academy of Agricultural Sciences. Cadastrar este raw como original_variation_name da unidade.,Como unidade/instituto da CAAS.
5510 Nathan Shock Dr,5510 nathan shock dr,1,"Endereço, não instituição.",NAO_CADASTRAR_BLACKLIST,nenhuma,N/A,Endereço/ruído,Provável EUA,N/A,alta,Remover do JSON bruto document.institutions ou criar filtro/blacklist no importador.,Não cadastrar.
Borgess Heart Inst,borgess heart inst,1,"Provável “Borgess Heart Institute”, unidade/organização médica associada ao sistema Borgess/Ascension. Precisa confirmar na afiliação completa.",REVISAR_MANUALMENTE_ANTES_DE_CADASTRAR,organizacoes,Borgess Heart Institute,Instituto/centro médico,Estados Unidos provável,"Ascension Borgess ou hospital relacionado, a confirmar",média-baixa,Cadastrar como organizacao médica se confirmado. Não é instituição acadêmica.,Não cadastrar em instituicoes_ensino.
Agr Res Stn ARS,agr res stn ars,1,Abreviação genérica para “Agricultural Research Station (ARS)”. Pode ser estação agrícola de diferentes países/instituições.,REVISAR_PAIS_DO_DOCUMENTO,instituicao_unidades ou organizacoes,Agricultural Research Station (ARS),Estação de pesquisa agrícola,Depende do documento,Depende do documento,baixa sem contexto,Não cadastrar globalmente porque ARS pode significar USDA Agricultural Research Service ou Agricultural Research Station de universidade/agência local.,Cadastrar somente com país e instituição-pai definidos.
SINTEF Energy Res,sintef energy res,1,"SINTEF Energy Research, unidade/empresa de pesquisa do grupo SINTEF, Noruega.",CADASTRAR_ORGANIZACAO_OU_UNIDADE,organizacoes ou instituicao_unidades,SINTEF Energy Research,Instituto/organização de pesquisa,Noruega,SINTEF,alta,"Se quiser vincular a produção ao grupo SINTEF como instituição, cadastre SINTEF em instituicoes_ensino e esta como unidade com parent_institution_id. Se só quiser remover dos não encontrados, organizacoes resolve.","Preferível como unidade/organização de pesquisa, não como universidade."
Sustainable Energy Catapult Ctr,sustainable energy catapult ctr,1,"Provável centro/organização ligada a “Energy Systems Catapult” ou outro Catapult Centre do Reino Unido, mas o nome exato “Sustainable Energy Catapult Centre” não foi validado.",REVISAR_MANUALMENTE_ANTES_DE_CADASTRAR,organizacoes,Sustainable Energy Catapult Centre,Centro/organização de inovação em energia,Provável Reino Unido,A confirmar,baixa,Validar afiliação completa. Não cadastrar automaticamente como instituição acadêmica.,Não cadastrar em instituicoes_ensino sem validação.
118 Parr St,118 parr st,1,"Endereço, não instituição.",NAO_CADASTRAR_BLACKLIST,nenhuma,N/A,Endereço/ruído,Indefinido,N/A,alta,Remover do JSON bruto document.institutions ou criar filtro/blacklist no importador.,Não cadastrar.
1280 Montgomery Blvd,1280 montgomery blvd,1,"Endereço, não instituição.",NAO_CADASTRAR_BLACKLIST,nenhuma,N/A,Endereço/ruído,Provável EUA,N/A,alta,Remover do JSON bruto document.institutions ou criar filtro/blacklist no importador.,Não cadastrar.
